{"cameraMode":{"drawMode":0,"name":"Shaded","section":"Shading Mode"},"sceneLighting":true,"audioPlay":false,"sceneViewState":{"m_AlwaysRefresh":false,"showFog":true,"showSkybox":true,"showFlares":true,"showImageEffects":true,"showParticleSystems":true,"showVisualEffectGraphs":true,"m_FxEnabled":true},"in2DMode":false,"pivot":{"x":5.274864196777344,"y":6.640369892120361,"z":8.833736419677735},"rotation":{"x":0.04678763076663017,"y":-0.0011710698017850519,"z":0.00004521602386375889,"w":0.9989896416664124},"size":11.867194175720215,"orthographic":false}