{"cameraMode":{"drawMode":0,"name":"Shaded","section":"Shading Mode"},"sceneLighting":true,"audioPlay":false,"sceneViewState":{"m_AlwaysRefresh":false,"showFog":true,"showSkybox":true,"showFlares":true,"showImageEffects":true,"showParticleSystems":true,"showVisualEffectGraphs":true,"m_FxEnabled":true},"in2DMode":false,"pivot":{"x":14.702094078063965,"y":5.77842903137207,"z":-6.372542381286621},"rotation":{"x":0.05789636820554733,"y":-0.17163051664829255,"z":0.010100290179252625,"w":0.9834759831428528},"size":1.3469312191009522,"orthographic":false}