{"cameraMode":{"drawMode":0,"name":"Shaded","section":"Shading Mode"},"sceneLighting":true,"audioPlay":false,"sceneViewState":{"m_AlwaysRefresh":false,"showFog":true,"showSkybox":true,"showFlares":true,"showImageEffects":true,"showParticleSystems":true,"showVisualEffectGraphs":true,"m_FxEnabled":true},"in2DMode":false,"pivot":{"x":14.884377479553223,"y":4.7270188331604,"z":-6.438952445983887},"rotation":{"x":0.05789636820554733,"y":-0.17163051664829255,"z":0.010100290179252625,"w":0.9834759831428528},"size":1.6062406301498414,"orthographic":false}