{"cameraMode":{"drawMode":0,"name":"Shaded","section":"Shading Mode"},"sceneLighting":false,"audioPlay":false,"sceneViewState":{"m_AlwaysRefresh":false,"showFog":true,"showSkybox":false,"showFlares":true,"showImageEffects":true,"showParticleSystems":true,"showVisualEffectGraphs":true,"m_FxEnabled":true},"in2DMode":false,"pivot":{"x":0.32266807556152346,"y":0.0000019073486328125,"z":-0.20179271697998048},"rotation":{"x":0.09705400466918946,"y":-0.0035579537507146599,"z":0.0003449962823651731,"w":0.9953439831733704},"size":9.059714317321778,"orthographic":false}